group,n_features,total_gain_norm,fraction_of_total_gain
CC,3856,0.9731241526522849,0.973124152652285
SS,166,0.02687584734771501,0.026875847347715014
