scheme,n_folds,accuracy_test,accuracy_test_std,f1_macro_test,f1_macro_test_std,f1_weighted_test,f1_weighted_test_std,roc_auc_test,roc_auc_test_std,n_test
CV1,5,0.7025189899083422,0.020903479128602024,0.7021319168850947,0.020890297403838583,0.7020764117267047,0.021376721206452794,0.7889721608849201,0.02791000836131701,2449
